{"cameraMode":{"drawMode":0,"name":"Shaded","section":"Shading Mode"},"sceneLighting":true,"audioPlay":false,"sceneViewState":{"showFog":true,"showMaterialUpdate":false,"showSkybox":true,"showFlares":true,"showImageEffects":true,"showParticleSystems":true},"in2DMode":false,"pivot":{"x":-16.748239517211915,"y":7.097820281982422,"z":-10.546483039855957},"rotation":{"x":-0.062059223651885989,"y":0.018560081720352174,"z":-0.0011542266001924873,"w":-0.9979024529457092},"size":10.0,"orthographic":false}